"id","created_at","name","has_test","alternate_url"
"46408491","2021-07-21T11:46:44+0300","Data Scientist",false,"https://hh.ru/vacancy/46408491"
"43471916","2021-07-20T17:04:57+0300","Data Scientist / Quantitative Researcher",false,"https://hh.ru/vacancy/43471916"
"46427766","2021-07-21T18:32:24+0300","Junior Data Scientist",false,"https://hh.ru/vacancy/46427766"
"45715303","2021-07-21T13:56:49+0300","Специалист Computer Vision (Senior Data Scientist)",false,"https://hh.ru/vacancy/45715303"
"46265425","2021-07-21T13:12:52+0300","Data Scientist",false,"https://hh.ru/vacancy/46265425"
"44350010","2021-07-21T10:06:41+0300","Data Scientist",false,"https://hh.ru/vacancy/44350010"
"46453469","2021-07-22T15:16:39+0300","Data scientist (Junior/Middle) в консалтинг",false,"https://hh.ru/vacancy/46453469"
"46368479","2021-07-20T10:36:36+0300","Data Scientist",false,"https://hh.ru/vacancy/46368479"
"45260586","2021-07-22T12:44:32+0300","Математик-аналитик (data scientist / data analyst)",false,"https://hh.ru/vacancy/45260586"
"46105334","2021-07-21T07:27:55+0300","Data Scientist",true,"https://hh.ru/vacancy/46105334"
"46400078","2021-07-21T09:39:10+0300","Аналитик Data Scientist",false,"https://hh.ru/vacancy/46400078"
"45704018","2021-07-21T10:15:54+0300","Middle Data Scientist / ML-engineer (NLP)",false,"https://hh.ru/vacancy/45704018"
"46424999","2021-07-21T17:09:58+0300","Data Scientist",false,"https://hh.ru/vacancy/46424999"
"46160570","2021-07-21T13:04:23+0300","Data Scientist",false,"https://hh.ru/vacancy/46160570"
"45191074","2021-07-21T16:07:54+0300","Data Scientist",false,"https://hh.ru/vacancy/45191074"
"46360129","2021-07-20T04:21:59+0300","Data scientist",false,"https://hh.ru/vacancy/46360129"
"46357297","2021-07-19T19:09:52+0300","Data Scientist",false,"https://hh.ru/vacancy/46357297"
"45648396","2021-07-19T15:14:18+0300","Дата-сайентист / Data Scientist [Computer Vision]",false,"https://hh.ru/vacancy/45648396"
"46433916","2021-07-22T08:38:36+0300","Junior Product Analyst / Product Analyst",false,"https://hh.ru/vacancy/46433916"
"46359388","2021-07-19T23:43:27+0300","Data Scientist",false,"https://hh.ru/vacancy/46359388"
